id,date,page_views,sessions
49,2020-06-02T16:56:46Z,1141,106
50,2020-01-09T21:18:55Z,2590,332
51,2020-05-28T22:49:35Z,1864,394
52,2020-07-17T18:23:46Z,1267,445
53,2020-06-28T20:04:49Z,1396,441
54,2020-04-11T07:49:24Z,1507,118
55,2020-04-03T18:46:57Z,2366,112
56,2020-06-21T10:29:41Z,1856,199
57,2020-03-22T07:07:07Z,2328,215
58,2020-06-18T22:02:02Z,2772,162
59,2020-01-12T22:20:56Z,2101,375
60,2020-05-02T00:47:10Z,2953,202
61,2020-04-22T13:53:40Z,1066,360
62,2020-02-17T20:34:40Z,859,200
63,2020-08-07T21:29:03Z,1438,32
64,2020-02-04T20:54:27Z,680,419
65,2020-04-07T19:33:10Z,1718,291
66,2020-02-12T05:02:36Z,2900,261
67,2020-07-28T16:58:32Z,1392,64
68,2020-07-13T07:42:15Z,1813,334
69,2020-03-29T21:08:44Z,1626,239
70,2020-01-12T00:24:59Z,1271,403
71,2020-03-30T15:48:31Z,1734,328
72,2020-03-21T07:15:00Z,699,440
73,2020-01-22T18:45:21Z,1708,264
74,2020-01-07T06:56:25Z,695,216
75,2020-05-13T19:18:28Z,934,177
76,2020-04-20T08:32:39Z,2133,153
77,2020-01-31T02:51:01Z,1791,221
78,2020-01-09T05:55:23Z,1653,88
79,2020-05-06T02:23:13Z,1591,301
80,2020-08-22T06:40:52Z,1740,62
81,2020-08-10T01:35:31Z,1035,371
82,2020-01-29T02:33:07Z,2093,62
83,2020-04-10T23:21:18Z,2022,393
84,2020-08-14T04:38:31Z,2351,87
85,2020-04-29T07:20:51Z,2678,183
86,2020-07-04T21:18:17Z,1835,223
87,2020-07-18T15:55:11Z,2574,226
88,2020-07-04T05:32:15Z,2401,240
89,2020-05-13T21:07:47Z,2105,74
90,2020-01-23T12:02:11Z,2816,113
91,2020-04-09T03:22:45Z,2615,342
92,2020-07-08T23:30:43Z,2272,369
93,2020-03-26T07:52:49Z,592,440
94,2020-03-10T22:42:40Z,1403,44
95,2020-07-07T18:46:04Z,1002,301
96,2020-08-24T07:56:45Z,2153,322
97,2020-06-11T13:55:32Z,1994,77
98,2020-01-28T10:33:29Z,1023,240
99,2020-04-27T17:34:44Z,2902,243
100,2020-02-14T07:01:36Z,595,440
101,2020-02-22T11:32:28Z,790,223
102,2020-02-05T09:00:06Z,2252,338
103,2020-08-25T03:06:27Z,1426,138
104,2020-07-18T20:58:16Z,1253,438
105,2020-01-26T10:02:11Z,596,99
106,2020-05-27T22:38:26Z,2157,343
107,2020-08-23T06:03:03Z,635,174
108,2020-07-26T00:32:17Z,1034,129
109,2020-07-21T17:12:47Z,1265,324
110,2020-06-05T15:51:00Z,1007,121
111,2020-04-15T18:06:43Z,2441,112
112,2020-06-01T15:10:33Z,2517,359
113,2020-04-24T13:41:44Z,968,178
